2026-03-10_11-10-30,0,draft.go:2026-03-10_11-10-30
2026-03-10_11-10-32,0,draft.go:2026-03-10_11-10-30
2026-03-10_11-10-46,0,draft.go:2026-03-10_11-10-30
2026-03-21_11-23-21,---,draft.go:2026-03-21_11-23-21
2026-03-21_11-23-32,---,draft.go:2026-03-21_11-23-21
2026-03-21_14-16-44,0,draft.go:2026-03-21_14-16-44
2026-03-21_14-16-48,0,draft.go:2026-03-21_14-16-44
2026-03-21_14-17-40,0,draft.go:2026-03-21_14-17-40
2026-03-21_14-18-06,0,draft.go:2026-03-21_14-18-06
2026-03-21_14-18-21,0,draft.go:2026-03-21_14-18-06
2026-03-21_14-19-40,0,draft.go:2026-03-21_14-19-40
2026-03-21_14-23-39,0,draft.go:2026-03-21_14-23-39
2026-03-21_14-29-00,0,draft.go:2026-03-21_14-29-00
2026-03-21_14-29-02,0,draft.go:2026-03-21_14-29-00
2026-03-21_14-29-14,0,draft.go:2026-03-21_14-29-14
2026-03-21_14-29-37,0,draft.go:2026-03-21_14-29-37
2026-03-21_14-29-46,0,draft.go:2026-03-21_14-29-46
2026-03-21_14-41-40,0,draft.go:2026-03-21_14-41-40
2026-03-21_14-42-07,0,draft.go:2026-03-21_14-42-07
2026-03-21_14-42-42,0,draft.go:2026-03-21_14-42-42
2026-03-21_14-45-23,0,draft.go:2026-03-21_14-45-23
2026-03-21_14-46-38,0,draft.go:2026-03-21_14-46-38
2026-03-21_14-47-57,100,draft.go:2026-03-21_14-47-57
2026-03-21_14-48-18,0,draft.go:2026-03-21_14-48-18
2026-03-21_15-04-17,0,draft.go:2026-03-21_15-04-17
2026-03-21_15-13-56,0,draft.go:2026-03-21_15-13-56
2026-03-21_15-14-16,0,draft.go:2026-03-21_15-14-16
2026-03-21_15-14-27,0,draft.go:2026-03-21_15-14-27
2026-03-21_15-14-35,0,draft.go:2026-03-21_15-14-35
2026-03-21_15-14-48,0,draft.go:2026-03-21_15-14-48
2026-03-21_15-14-58,0,draft.go:2026-03-21_15-14-58
2026-03-21_15-15-05,0,draft.go:2026-03-21_15-15-05
2026-03-21_15-15-17,0,draft.go:2026-03-21_15-15-17
2026-03-21_15-16-29,0,draft.go:2026-03-21_15-16-29
2026-03-21_15-16-33,0,draft.go:2026-03-21_15-16-33
2026-03-21_15-17-01,100,draft.go:2026-03-21_15-17-01
2026-03-21_15-18-46,0,draft.go:2026-03-21_15-18-46
2026-03-21_15-19-17,100,draft.go:2026-03-21_15-19-17
2026-03-21_21-02-59,0,draft.go:2026-03-21_21-02-59
2026-03-21_21-03-14,0,draft.go:2026-03-21_21-03-14
2026-03-21_21-03-48,0,draft.go:2026-03-21_21-03-48
2026-03-21_21-14-14,100,draft.go:2026-03-21_21-14-14
2026-03-21_21-15-22,100,draft.go:2026-03-21_21-15-22
2026-03-21_21-45-39,---,draft.go:2026-03-21_21-15-22
2026-03-21_22-00-52,0,draft.go:2026-03-21_22-00-52
2026-03-21_22-01-29,100,draft.go:2026-03-21_22-01-29
2026-03-24_10-43-44,---,draft.go:2026-03-21_22-01-29
2026-03-24_11-12-25,0,draft.go:2026-03-24_11-12-25
2026-03-24_11-12-28,0,draft.go:2026-03-24_11-12-25
2026-03-24_11-12-30,0,draft.go:2026-03-24_11-12-25
2026-03-24_11-12-50,0,draft.go:2026-03-24_11-12-25
2026-03-24_11-15-20,0,draft.go:2026-03-24_11-15-20
2026-03-24_11-17-36,0,draft.go:2026-03-24_11-17-36
2026-03-24_11-18-12,0,draft.go:2026-03-24_11-18-12
2026-03-24_11-19-38,0,draft.go:2026-03-24_11-19-38
2026-03-24_11-20-09,0,draft.go:2026-03-24_11-20-09
2026-03-24_11-22-43,100,draft.go:2026-03-24_11-22-43
