2026-04-03_16-20-18,0,main.go:2026-04-03_16-20-18
2026-04-03_16-25-47,0,main.go:2026-04-03_16-25-47
2026-04-03_16-28-58,0,main.go:2026-04-03_16-28-58
2026-04-03_16-31-22,16,main.go:2026-04-03_16-31-22
2026-04-03_16-32-22,33,main.go:2026-04-03_16-32-22
2026-04-03_16-44-27,33,main.go:2026-04-03_16-44-27
2026-04-03_16-44-51,33,main.go:2026-04-03_16-44-51
2026-04-03_16-45-14,0,main.go:2026-04-03_16-45-14
2026-04-03_16-45-22,33,main.go:2026-04-03_16-45-22
2026-04-03_16-45-38,0,main.go:2026-04-03_16-45-38
2026-04-03_16-46-16,33,main.go:2026-04-03_16-46-16
2026-04-03_16-47-00,33,main.go:2026-04-03_16-47-00
2026-04-03_16-48-10,33,main.go:2026-04-03_16-48-10
2026-04-03_16-51-37,33,main.go:2026-04-03_16-51-37
2026-04-03_16-52-11,0,main.go:2026-04-03_16-52-11
2026-04-03_16-52-25,0,main.go:2026-04-03_16-52-25
2026-04-03_16-52-57,0,main.go:2026-04-03_16-52-57
2026-04-03_16-53-41,0,main.go:2026-04-03_16-53-41
2026-04-03_16-54-01,33,main.go:2026-04-03_16-54-01
2026-04-03_16-54-30,33,main.go:2026-04-03_16-54-30
2026-04-03_17-02-27,33,main.go:2026-04-03_16-54-30
2026-04-05_15-15-49,33,main.go:2026-04-03_16-54-30
2026-04-05_15-16-18,0,main.go:2026-04-05_15-16-18
2026-04-05_15-32-08,0,main.go:2026-04-05_15-16-18
2026-04-05_15-53-41,0,main.go:2026-04-05_15-53-41
2026-04-05_15-54-01,33,main.go:2026-04-05_15-54-01
2026-04-05_16-27-24,33,main.go:2026-04-05_15-54-01
2026-04-05_16-30-14,0,main.go:2026-04-05_16-30-14
2026-04-05_16-30-53,0,main.go:2026-04-05_16-30-53
2026-04-05_16-31-04,33,main.go:2026-04-05_16-31-04
2026-04-05_16-31-52,33,main.go:2026-04-05_16-31-52
2026-04-05_16-33-02,33,main.go:2026-04-05_16-33-02
2026-04-05_16-33-24,33,main.go:2026-04-05_16-33-02
2026-04-05_16-35-00,33,main.go:2026-04-05_16-35-00
2026-04-05_16-35-24,33,main.go:2026-04-05_16-35-24
2026-04-05_16-48-16,0,main.go:2026-04-05_16-48-16
2026-04-05_16-48-31,33,main.go:2026-04-05_16-48-31
2026-04-05_16-48-57,33,main.go:2026-04-05_16-48-57
2026-04-05_16-49-15,50,main.go:2026-04-05_16-49-15
2026-04-05_16-53-44,50,main.go:2026-04-05_16-49-15
