2026-03-14_19-30-32,0,draft.go:2026-03-14_19-30-32
2026-03-14_19-31-36,0,draft.go:2026-03-14_19-31-36
2026-03-14_19-32-06,0,draft.go:2026-03-14_19-32-06
2026-03-14_19-33-03,0,draft.go:2026-03-14_19-33-03
2026-03-14_19-33-28,16,draft.go:2026-03-14_19-33-28
2026-03-14_19-38-01,33,draft.go:2026-03-14_19-38-01
2026-03-14_19-42-07,66,draft.go:2026-03-14_19-42-07
2026-03-14_19-43-34,66,draft.go:2026-03-14_19-43-34
2026-03-14_20-12-37,0,draft.go:2026-03-14_20-12-37
2026-03-14_20-12-49,83,draft.go:2026-03-14_20-12-49
2026-03-14_20-13-37,66,draft.go:2026-03-14_20-13-37
2026-03-14_20-14-58,66,draft.go:2026-03-14_20-14-58
2026-03-14_20-15-14,66,draft.go:2026-03-14_20-15-14
2026-03-14_20-15-23,66,draft.go:2026-03-14_20-15-23
2026-03-14_20-15-45,66,draft.go:2026-03-14_20-15-23
2026-03-14_20-16-07,66,draft.go:2026-03-14_20-15-23
2026-03-14_20-16-30,83,draft.go:2026-03-14_20-16-30
2026-03-14_20-21-20,83,draft.go:2026-03-14_20-21-20
2026-03-14_20-54-37,0,draft.go:2026-03-14_20-54-37
2026-03-14_20-54-49,0,draft.go:2026-03-14_20-54-49
2026-03-14_20-54-49,0,draft.go:2026-03-14_20-54-49
2026-03-14_20-55-12,50,draft.go:2026-03-14_20-55-12
2026-03-14_21-11-33,100,draft.go:2026-03-14_21-11-33
2026-03-14_21-38-24,100,draft.go:2026-03-14_21-11-33
2026-03-14_21-38-27,100,draft.go:2026-03-14_21-11-33
2026-03-17_10-44-25,100,draft.go:2026-03-14_21-11-33
