2026-04-19_12-35-17,18,main.go:2026-04-19_12-35-17
2026-04-19_19-55-00,0,main.go:2026-04-19_19-55-00
2026-04-19_19-55-07,9,main.go:2026-04-19_19-55-07
2026-04-19_19-56-48,9,main.go:2026-04-19_19-56-48
2026-04-19_19-57-10,9,main.go:2026-04-19_19-57-10
2026-04-19_19-57-34,9,main.go:2026-04-19_19-57-34
2026-04-19_19-58-12,9,main.go:2026-04-19_19-58-12
2026-04-19_20-00-36,63,main.go:2026-04-19_20-00-36
2026-04-19_20-01-15,0,main.go:2026-04-19_20-01-15
2026-04-19_20-01-23,63,main.go:2026-04-19_20-01-23
2026-04-19_20-01-46,63,main.go:2026-04-19_20-01-46
2026-04-19_20-04-23,45,main.go:2026-04-19_20-04-23
2026-04-19_20-04-32,100,main.go:2026-04-19_20-04-32
2026-04-19_20-04-59,36,main.go:2026-04-19_20-04-59
2026-04-19_20-05-05,100,main.go:2026-04-19_20-05-05
2026-04-19_20-05-15,0,main.go:2026-04-19_20-05-15
2026-04-19_20-10-39,0,main.go:2026-04-19_20-10-39
2026-04-19_20-11-00,0,main.go:2026-04-19_20-11-00
2026-04-19_20-11-11,100,main.go:2026-04-19_20-11-11
2026-04-19_20-11-23,100,main.go:2026-04-19_20-11-11
2026-04-22_14-02-37,100,main.go:2026-04-19_20-11-11
2026-04-23_15-16-58,100,main.go:2026-04-19_20-11-11
2026-04-23_15-21-29,100,main.go:2026-04-19_20-11-11
2026-04-27_14-21-07,100,main.go:2026-04-19_20-11-11
