2026-05-02_21-46-50,0,draft.go:2026-05-02_21-46-50
2026-05-02_21-56-57,0,draft.go:2026-05-02_21-56-57
2026-05-02_22-02-49,0,draft.go:2026-05-02_22-02-49
2026-05-02_22-25-44,0,draft.go:2026-05-02_22-02-49
2026-05-02_22-26-02,0,draft.go:2026-05-02_22-26-02
2026-05-02_23-21-44,0,draft.go:2026-05-02_23-21-44
2026-05-02_23-22-03,0,draft.go:2026-05-02_23-22-03
2026-05-02_23-29-14,0,draft.go:2026-05-02_23-29-14
2026-05-02_23-30-28,0,draft.go:2026-05-02_23-30-28
2026-05-02_23-34-06,0,draft.go:2026-05-02_23-34-06
2026-05-02_23-34-21,0,draft.go:2026-05-02_23-34-21
2026-05-02_23-34-36,---,draft.go:2026-05-02_23-34-21
2026-05-02_23-35-10,0,draft.go:2026-05-02_23-35-10
2026-05-02_23-35-33,33,draft.go:2026-05-02_23-35-33
2026-05-02_23-36-07,100,draft.go:2026-05-02_23-36-07
2026-05-02_23-36-45,100,draft.go:2026-05-02_23-36-07
2026-05-02_23-46-41,0,draft.go:2026-05-02_23-46-41
2026-05-02_23-47-56,100,draft.go:2026-05-02_23-47-56
2026-05-02_23-48-54,0,draft.go:2026-05-02_23-48-54
2026-05-05_08-29-24,0,draft.go:2026-05-05_08-29-24
2026-05-05_08-55-44,0,draft.go:2026-05-05_08-55-44
2026-05-05_08-56-10,0,draft.go:2026-05-05_08-56-10
2026-05-05_09-04-15,0,draft.go:2026-05-05_09-04-15
2026-05-05_09-04-38,0,draft.go:2026-05-05_09-04-38
2026-05-05_11-16-24,0,draft.go:2026-05-05_11-16-24
2026-05-05_11-18-35,0,draft.go:2026-05-05_11-18-35
2026-05-05_11-19-30,0,draft.go:2026-05-05_11-19-30
2026-05-05_11-20-19,0,draft.go:2026-05-05_11-20-19
2026-05-05_11-20-36,0,draft.go:2026-05-05_11-20-36
2026-05-05_11-21-04,0,draft.go:2026-05-05_11-21-04
2026-05-05_11-21-25,0,draft.go:2026-05-05_11-21-25
2026-05-05_11-22-27,0,draft.go:2026-05-05_11-22-27
2026-05-05_11-22-36,0,draft.go:2026-05-05_11-22-36
2026-05-05_11-22-51,0,draft.go:2026-05-05_11-22-51
2026-05-05_11-24-35,0,draft.go:2026-05-05_11-24-35
2026-05-05_11-24-53,0,draft.go:2026-05-05_11-24-53
2026-05-05_11-24-59,0,draft.go:2026-05-05_11-24-59
2026-05-05_11-25-14,0,draft.go:2026-05-05_11-25-14
2026-05-05_11-26-23,16,draft.go:2026-05-05_11-26-23
2026-05-05_11-27-26,0,draft.go:2026-05-05_11-27-26
2026-05-05_11-27-54,33,draft.go:2026-05-05_11-27-54
2026-05-05_11-30-20,33,draft.go:2026-05-05_11-30-20
2026-05-05_11-31-28,50,draft.go:2026-05-05_11-31-28
2026-05-05_11-32-19,50,draft.go:2026-05-05_11-32-19
2026-05-05_11-32-32,50,draft.go:2026-05-05_11-32-32
2026-05-05_11-32-48,0,draft.go:2026-05-05_11-32-48
2026-05-05_11-32-56,50,draft.go:2026-05-05_11-32-56
2026-05-05_11-34-32,50,draft.go:2026-05-05_11-32-56
2026-05-07_14-20-46,50,draft.go:2026-05-05_11-32-56
2026-05-07_14-21-55,50,draft.go:2026-05-07_14-21-55
2026-05-07_14-22-36,33,draft.go:2026-05-07_14-22-36
2026-05-07_14-23-23,33,draft.go:2026-05-07_14-23-23
2026-05-07_14-23-38,33,draft.go:2026-05-07_14-23-38
2026-05-07_14-23-55,66,draft.go:2026-05-07_14-23-55
2026-05-07_14-24-45,0,draft.go:2026-05-07_14-24-45
2026-05-07_14-25-06,66,draft.go:2026-05-07_14-25-06
2026-05-07_14-25-31,66,draft.go:2026-05-07_14-25-31
2026-05-07_14-26-49,0,draft.go:2026-05-07_14-26-49
2026-05-07_14-26-57,66,draft.go:2026-05-07_14-26-57
2026-05-07_14-27-26,100,draft.go:2026-05-07_14-27-26
2026-05-07_14-27-53,100,draft.go:2026-05-07_14-27-53
2026-05-07_14-54-49,0,draft.go:2026-05-07_14-54-49
2026-05-07_14-55-23,0,draft.go:2026-05-07_14-55-23
2026-05-07_14-55-36,0,draft.go:2026-05-07_14-55-36
2026-05-07_14-56-04,0,draft.go:2026-05-07_14-56-04
2026-05-07_14-56-34,16,draft.go:2026-05-07_14-56-34
2026-05-07_14-56-45,33,draft.go:2026-05-07_14-56-45
2026-05-07_14-57-23,33,draft.go:2026-05-07_14-57-23
2026-05-07_14-57-47,33,draft.go:2026-05-07_14-57-47
2026-05-07_14-57-54,33,draft.go:2026-05-07_14-57-54
2026-05-07_14-58-33,66,draft.go:2026-05-07_14-58-33
2026-05-07_14-58-48,66,draft.go:2026-05-07_14-58-48
2026-05-07_14-59-08,66,draft.go:2026-05-07_14-59-08
2026-05-07_14-59-43,66,draft.go:2026-05-07_14-59-43
2026-05-07_14-59-58,0,draft.go:2026-05-07_14-59-58
2026-05-07_15-01-24,66,draft.go:2026-05-07_15-01-24
2026-05-07_15-03-02,100,draft.go:2026-05-07_15-03-02
2026-05-07_15-03-54,100,draft.go:2026-05-07_15-03-02
2026-05-08_14-28-21,100,draft.go:2026-05-07_15-03-02
2026-05-08_14-28-43,100,draft.go:2026-05-07_15-03-02
