2026-04-22_16-26-32,30,main.go:2026-04-22_16-26-32
2026-04-22_16-31-04,0,main.go:2026-04-22_16-31-04
2026-04-22_16-31-49,0,main.go:2026-04-22_16-31-49
2026-04-22_16-32-36,40,main.go:2026-04-22_16-32-36
2026-04-22_16-33-40,40,main.go:2026-04-22_16-33-40
2026-04-22_16-34-11,70,main.go:2026-04-22_16-34-11
2026-04-22_16-35-24,70,main.go:2026-04-22_16-34-11
2026-04-22_16-39-31,50,main.go:2026-04-22_16-39-31
2026-04-22_16-41-18,50,main.go:2026-04-22_16-39-31
2026-04-22_16-45-25,50,main.go:2026-04-22_16-39-31
2026-04-22_16-47-57,50,main.go:2026-04-22_16-47-57
2026-04-23_11-04-31,50,main.go:2026-04-22_16-47-57
2026-04-23_11-05-48,50,main.go:2026-04-23_11-05-48
2026-04-23_11-05-59,100,main.go:2026-04-23_11-05-59
2026-04-23_11-06-23,50,main.go:2026-04-23_11-06-23
2026-04-23_15-14-59,50,main.go:2026-04-23_11-06-23
2026-04-23_15-15-00,50,main.go:2026-04-23_11-06-23
2026-04-23_15-15-37,50,main.go:2026-04-23_15-15-37
2026-04-23_15-15-54,100,main.go:2026-04-23_15-15-54
2026-04-23_15-17-02,100,main.go:2026-04-23_15-15-54
2026-04-23_15-21-32,100,main.go:2026-04-23_15-15-54
2026-04-26_18-29-17,100,main.go:2026-04-23_15-15-54
2026-04-26_22-43-17,100,main.go:2026-04-23_15-15-54
2026-04-26_22-47-15,100,main.go:2026-04-23_15-15-54
2026-04-26_22-53-17,100,main.go:2026-04-26_22-53-17
2026-04-26_22-53-21,100,main.go:2026-04-26_22-53-17
2026-04-26_22-57-13,100,main.go:2026-04-26_22-53-17
2026-04-26_22-59-45,100,main.go:2026-04-26_22-53-17
