2026-04-18_21-18-45,0,main.go:2026-04-18_21-18-45
2026-04-19_11-40-20,0,main.go:2026-04-18_21-18-45
2026-04-19_12-05-47,0,main.go:2026-04-19_12-05-47
2026-04-19_12-06-48,0,main.go:2026-04-19_12-05-47
2026-04-19_12-06-48,0,main.go:2026-04-19_12-05-47
2026-04-19_12-06-59,0,main.go:2026-04-19_12-06-59
2026-04-19_12-10-51,0,main.go:2026-04-19_12-10-51
2026-04-19_12-11-24,0,main.go:2026-04-19_12-11-24
2026-04-19_12-11-51,0,main.go:2026-04-19_12-11-51
2026-04-19_12-16-13,0,main.go:2026-04-19_12-16-13
2026-04-19_12-16-41,0,main.go:2026-04-19_12-16-41
2026-04-19_12-16-55,0,main.go:2026-04-19_12-16-55
2026-04-19_12-17-12,0,main.go:2026-04-19_12-17-12
2026-04-19_12-21-18,0,main.go:2026-04-19_12-21-18
2026-04-19_12-21-27,0,main.go:2026-04-19_12-21-27
2026-04-19_12-21-57,0,main.go:2026-04-19_12-21-57
