2026-05-02_18-59-39,0,dlist.go:2026-05-02_18-59-39;main.go:2026-05-02_18-59-39
2026-05-02_18-59-46,0,dlist.go:2026-05-02_18-59-39;main.go:2026-05-02_18-59-46
2026-05-02_19-14-26,0,dlist.go:2026-05-02_18-59-39;main.go:2026-05-02_19-14-26
2026-05-02_19-14-40,0,dlist.go:2026-05-02_18-59-39;main.go:2026-05-02_19-14-40
2026-05-02_19-14-50,0,dlist.go:2026-05-02_18-59-39;main.go:2026-05-02_19-14-50
2026-05-02_19-22-11,0,dlist.go:2026-05-02_18-59-39;main.go:2026-05-02_19-22-11
2026-05-02_19-22-55,0,dlist.go:2026-05-02_18-59-39;main.go:2026-05-02_19-22-11
2026-05-02_19-25-13,0,dlist.go:2026-05-02_18-59-39;main.go:2026-05-02_19-25-13
2026-05-02_19-25-48,0,dlist.go:2026-05-02_18-59-39;main.go:2026-05-02_19-25-48
2026-05-02_19-26-47,0,dlist.go:2026-05-02_18-59-39;main.go:2026-05-02_19-26-47
2026-05-02_19-27-32,0,dlist.go:2026-05-02_18-59-39;main.go:2026-05-02_19-27-32
2026-05-02_19-27-46,0,dlist.go:2026-05-02_18-59-39;main.go:2026-05-02_19-27-46
2026-05-02_19-28-07,0,dlist.go:2026-05-02_18-59-39;main.go:2026-05-02_19-28-07
2026-05-02_19-28-23,0,dlist.go:2026-05-02_18-59-39;main.go:2026-05-02_19-28-23
2026-05-02_19-28-37,0,dlist.go:2026-05-02_18-59-39;main.go:2026-05-02_19-28-37
2026-05-02_19-29-03,0,dlist.go:2026-05-02_18-59-39;main.go:2026-05-02_19-29-03
2026-05-02_19-30-57,100,dlist.go:2026-05-02_18-59-39;main.go:2026-05-02_19-30-57
2026-05-02_19-31-45,0,dlist.go:2026-05-02_18-59-39;main.go:2026-05-02_19-31-45
2026-05-02_19-31-54,100,dlist.go:2026-05-02_18-59-39;main.go:2026-05-02_19-31-54
2026-05-02_19-32-25,0,dlist.go:2026-05-02_18-59-39;main.go:2026-05-02_19-32-25
2026-05-02_20-14-06,0,dlist.go:2026-05-02_18-59-39;main.go:2026-05-02_20-14-06
2026-05-02_20-15-34,0,dlist.go:2026-05-02_18-59-39;main.go:2026-05-02_20-15-34
2026-05-02_20-16-00,0,dlist.go:2026-05-02_18-59-39;main.go:2026-05-02_20-16-00
2026-05-02_20-16-29,0,dlist.go:2026-05-02_18-59-39;main.go:2026-05-02_20-16-29
2026-05-02_20-17-04,100,dlist.go:2026-05-02_18-59-39;main.go:2026-05-02_20-17-04
2026-05-02_20-26-06,100,dlist.go:2026-05-02_18-59-39;main.go:2026-05-02_20-26-06
2026-05-02_20-26-11,100,dlist.go:2026-05-02_18-59-39;main.go:2026-05-02_20-26-06
