2026-03-22_11-09-48,---,draft.go:2026-03-22_11-09-48
2026-03-30_14-45-01,0,draft.go:2026-03-30_14-45-01
2026-03-30_14-55-57,0,draft.go:2026-03-30_14-55-57
2026-03-30_14-56-14,0,draft.go:2026-03-30_14-56-14
2026-03-30_14-56-48,0,draft.go:2026-03-30_14-56-48
2026-03-30_15-00-30,0,draft.go:2026-03-30_15-00-30
2026-03-30_15-01-08,0,draft.go:2026-03-30_15-01-08
2026-03-30_15-04-45,0,draft.go:2026-03-30_15-04-45
2026-03-30_15-04-56,0,draft.go:2026-03-30_15-04-56
2026-03-30_16-57-35,0,draft.go:2026-03-30_16-57-35
2026-03-30_23-13-44,0,draft.go:2026-03-30_23-13-44
2026-03-30_23-13-51,0,draft.go:2026-03-30_23-13-51
2026-03-30_23-15-24,0,draft.go:2026-03-30_23-15-24
2026-03-30_23-15-30,0,draft.go:2026-03-30_23-15-24
2026-03-30_23-17-35,0,draft.go:2026-03-30_23-17-35
2026-03-30_23-17-39,0,draft.go:2026-03-30_23-17-35
2026-03-30_23-18-08,0,draft.go:2026-03-30_23-18-08
2026-03-30_23-19-49,0,draft.go:2026-03-30_23-19-49
2026-03-30_23-20-45,0,draft.go:2026-03-30_23-20-45
2026-03-30_23-21-45,0,draft.go:2026-03-30_23-21-45
2026-03-30_23-22-45,0,draft.go:2026-03-30_23-22-45
2026-03-30_23-24-07,0,draft.go:2026-03-30_23-24-07
2026-03-30_23-24-31,0,draft.go:2026-03-30_23-24-31
2026-03-30_23-25-09,88,draft.go:2026-03-30_23-25-09
2026-03-30_23-30-10,0,draft.go:2026-03-30_23-30-10
2026-03-30_23-30-56,100,draft.go:2026-03-30_23-30-56
2026-03-30_23-47-19,0,draft.go:2026-03-30_23-47-19
2026-03-31_00-42-18,22,draft.go:2026-03-31_00-42-18
2026-03-31_00-42-40,0,draft.go:2026-03-31_00-42-40
2026-03-31_00-42-54,0,draft.go:2026-03-31_00-42-54
2026-03-31_00-43-09,22,draft.go:2026-03-31_00-43-09
2026-03-31_00-48-02,22,draft.go:2026-03-31_00-48-02
2026-03-31_00-48-21,100,draft.go:2026-03-31_00-48-21
