2026-05-17_15-21-19,25,main.go:2026-05-17_15-21-19;stack.go:2026-05-17_15-21-19
2026-05-25_22-26-07,25,main.go:2026-05-25_22-26-07;stack.go:2026-05-17_15-21-19
2026-05-25_22-26-19,75,main.go:2026-05-25_22-26-19;stack.go:2026-05-17_15-21-19
2026-05-25_22-26-38,100,main.go:2026-05-25_22-26-38;stack.go:2026-05-17_15-21-19
2026-05-25_22-39-57,0,main.go:2026-05-25_22-39-57;stack.go:2026-05-17_15-21-19
2026-05-27_14-15-16,75,main.go:2026-05-27_14-15-16;stack.go:2026-05-17_15-21-19
2026-05-27_14-16-33,75,main.go:2026-05-27_14-16-33;stack.go:2026-05-17_15-21-19
2026-05-27_14-17-04,75,main.go:2026-05-27_14-16-33;stack.go:2026-05-17_15-21-19
2026-05-27_14-17-28,0,main.go:2026-05-27_14-17-28;stack.go:2026-05-17_15-21-19
2026-05-27_14-19-30,100,main.go:2026-05-27_14-19-30;stack.go:2026-05-17_15-21-19
