2026-03-13_10-56-28,0,draft.go:2026-03-13_10-56-28
2026-03-13_11-02-48,0,draft.go:2026-03-13_11-02-48
2026-03-13_11-03-05,0,draft.go:2026-03-13_11-03-05
2026-03-13_11-04-36,0,draft.go:2026-03-13_11-04-36
2026-03-13_11-04-38,0,draft.go:2026-03-13_11-04-36
2026-03-13_11-05-00,0,draft.go:2026-03-13_11-05-00
2026-03-13_11-05-01,0,draft.go:2026-03-13_11-05-00
2026-03-13_11-06-24,0,draft.go:2026-03-13_11-06-24
2026-03-13_11-06-27,0,draft.go:2026-03-13_11-06-24
2026-03-13_11-06-48,0,draft.go:2026-03-13_11-06-48
2026-03-13_11-06-49,0,draft.go:2026-03-13_11-06-48
2026-03-13_11-08-26,0,draft.go:2026-03-13_11-06-48
2026-03-13_11-09-18,0,draft.go:2026-03-13_11-09-18
2026-03-13_11-09-23,0,draft.go:2026-03-13_11-09-18
2026-03-13_11-09-36,50,draft.go:2026-03-13_11-09-36
2026-03-13_11-10-07,0,draft.go:2026-03-13_11-10-07
2026-03-13_11-10-47,50,draft.go:2026-03-13_11-10-47
2026-03-13_11-15-45,0,draft.go:2026-03-13_11-15-45
2026-03-13_11-15-45,0,draft.go:2026-03-13_11-15-45
2026-03-13_11-17-40,50,draft.go:2026-03-13_11-17-40
2026-03-13_13-25-28,50,draft.go:2026-03-13_11-17-40
2026-03-13_13-27-01,0,draft.go:2026-03-13_13-27-01
2026-03-13_13-27-23,25,draft.go:2026-03-13_13-27-23
2026-03-13_13-27-58,50,draft.go:2026-03-13_13-27-58
2026-03-13_13-33-06,0,draft.go:2026-03-13_13-33-06
2026-03-13_13-33-45,0,draft.go:2026-03-13_13-33-45
2026-03-13_13-33-46,0,draft.go:2026-03-13_13-33-45
2026-03-13_13-34-16,50,draft.go:2026-03-13_13-34-16
2026-03-13_13-37-30,100,draft.go:2026-03-13_13-37-30
2026-03-13_13-38-02,100,draft.go:2026-03-13_13-38-02
2026-03-13_13-44-18,100,draft.go:2026-03-13_13-38-02
2026-03-13_13-44-20,100,draft.go:2026-03-13_13-38-02
2026-03-13_13-44-38,100,draft.go:2026-03-13_13-38-02
2026-03-13_13-44-38,100,draft.go:2026-03-13_13-38-02
2026-03-13_19-41-43,100,draft.go:2026-03-13_19-41-43
2026-03-14_13-07-59,100,draft.go:2026-03-13_19-41-43
2026-03-17_10-44-22,100,draft.go:2026-03-13_19-41-43
2026-03-18_11-03-05,0,draft.go:2026-03-18_11-03-05
2026-03-18_11-03-18,0,draft.go:2026-03-18_11-03-18
2026-03-18_11-13-13,0,draft.go:2026-03-18_11-13-13
2026-03-18_11-14-43,0,draft.go:2026-03-18_11-13-13
2026-03-18_11-14-43,0,draft.go:2026-03-18_11-13-13
2026-03-18_11-16-05,100,draft.go:2026-03-18_11-16-05
2026-03-20_18-16-15,75,draft.go:2026-03-20_18-16-15
2026-03-20_18-16-28,100,draft.go:2026-03-20_18-16-28
2026-03-20_19-39-55,100,draft.go:2026-03-20_19-39-55
2026-03-20_22-48-35,75,draft.go:2026-03-20_22-48-35
2026-03-20_22-48-49,100,draft.go:2026-03-20_22-48-49
