2026-04-09_14-00-26,0,main.go:2026-04-09_14-00-26
2026-04-14_15-40-15,0,main.go:2026-04-14_15-40-15
2026-04-29_13-52-04,0,main.go:2026-04-14_15-40-15
2026-04-29_13-52-41,0,main.go:2026-04-29_13-52-41
2026-04-29_13-52-41,0,main.go:2026-04-29_13-52-41
2026-04-29_13-52-58,0,main.go:2026-04-29_13-52-58
2026-04-29_13-52-59,0,main.go:2026-04-29_13-52-58
2026-04-29_13-53-15,0,main.go:2026-04-29_13-53-15
2026-04-29_13-59-02,0,main.go:2026-04-29_13-59-02
2026-04-29_14-02-46,0,main.go:2026-04-29_14-02-46
2026-04-29_14-02-59,0,main.go:2026-04-29_14-02-59
2026-04-29_14-03-08,100,main.go:2026-04-29_14-03-08
2026-05-01_23-31-45,100,main.go:2026-04-29_14-03-08
2026-05-02_01-21-25,100,main.go:2026-04-29_14-03-08
