2026-04-15_11-22-06,0,main.go:2026-04-15_11-22-06
2026-04-15_11-28-26,0,main.go:2026-04-15_11-28-26
2026-04-15_14-03-59,0,main.go:2026-04-15_14-03-59
2026-04-15_14-10-18,0,main.go:2026-04-15_14-10-18
2026-04-15_14-10-51,0,main.go:2026-04-15_14-10-51
2026-04-15_14-11-34,0,main.go:2026-04-15_14-11-34
2026-04-15_14-11-36,0,main.go:2026-04-15_14-11-34
2026-04-15_14-11-46,0,main.go:2026-04-15_14-11-46
2026-04-15_14-11-47,0,main.go:2026-04-15_14-11-46
2026-04-15_14-12-02,0,main.go:2026-04-15_14-12-02
2026-04-15_14-13-13,0,main.go:2026-04-15_14-13-13
2026-04-15_14-13-54,0,main.go:2026-04-15_14-13-54
2026-04-15_14-14-06,0,main.go:2026-04-15_14-14-06
2026-04-15_14-15-27,0,main.go:2026-04-15_14-15-27
2026-04-15_14-15-39,0,main.go:2026-04-15_14-15-39
2026-04-15_14-17-52,0,main.go:2026-04-15_14-17-52
2026-04-15_14-18-38,0,main.go:2026-04-15_14-18-38
2026-04-15_14-18-47,0,main.go:2026-04-15_14-18-47
2026-04-15_14-19-20,0,main.go:2026-04-15_14-19-20
2026-04-15_14-19-44,0,main.go:2026-04-15_14-19-44
2026-04-15_14-22-30,0,main.go:2026-04-15_14-19-44
2026-04-15_14-22-45,0,main.go:2026-04-15_14-22-45
2026-04-15_14-23-08,0,main.go:2026-04-15_14-23-08
2026-04-15_14-30-01,0,main.go:2026-04-15_14-30-01
2026-04-15_14-30-22,0,main.go:2026-04-15_14-30-22
2026-04-15_14-33-19,0,main.go:2026-04-15_14-33-19
2026-04-15_14-33-28,0,main.go:2026-04-15_14-33-28
2026-04-15_14-33-56,0,main.go:2026-04-15_14-33-28
2026-04-15_14-34-16,0,main.go:2026-04-15_14-34-16
2026-04-15_14-34-47,0,main.go:2026-04-15_14-34-47
2026-04-15_14-35-24,0,main.go:2026-04-15_14-35-24
2026-04-15_14-37-02,0,main.go:2026-04-15_14-35-24
2026-04-15_14-37-37,0,main.go:2026-04-15_14-37-37
2026-04-15_14-37-50,0,main.go:2026-04-15_14-37-50
2026-04-15_14-38-08,0,main.go:2026-04-15_14-38-08
2026-04-15_14-38-21,0,main.go:2026-04-15_14-38-21
2026-04-15_14-38-31,0,main.go:2026-04-15_14-38-31
2026-04-15_14-39-25,0,main.go:2026-04-15_14-39-25
2026-04-15_14-39-33,0,main.go:2026-04-15_14-39-33
2026-04-15_14-39-40,0,main.go:2026-04-15_14-39-40
2026-04-15_14-39-48,0,main.go:2026-04-15_14-39-48
2026-04-15_14-40-39,0,main.go:2026-04-15_14-39-48
2026-04-15_14-40-54,0,main.go:2026-04-15_14-40-54
2026-04-15_14-41-29,0,main.go:2026-04-15_14-41-29
2026-04-15_14-43-37,0,main.go:2026-04-15_14-43-37
2026-04-15_14-43-49,18,main.go:2026-04-15_14-43-49
2026-04-15_14-54-00,0,main.go:2026-04-15_14-54-00
2026-04-15_14-55-14,0,main.go:2026-04-15_14-55-14
2026-04-15_14-55-51,18,main.go:2026-04-15_14-55-51
2026-04-15_16-06-25,18,main.go:2026-04-15_14-55-51
2026-04-15_16-21-20,18,main.go:2026-04-15_16-21-20
2026-04-15_16-21-31,18,main.go:2026-04-15_16-21-31
2026-04-15_16-22-25,18,main.go:2026-04-15_16-22-25
2026-04-15_16-23-03,18,main.go:2026-04-15_16-23-03
2026-04-15_16-23-03,18,main.go:2026-04-15_16-23-03
2026-04-15_16-23-04,18,main.go:2026-04-15_16-23-04
2026-04-15_16-23-04,18,main.go:2026-04-15_16-23-04
2026-04-15_16-23-05,18,main.go:2026-04-15_16-23-05
2026-04-15_16-23-06,18,main.go:2026-04-15_16-23-05
2026-04-15_16-23-22,18,main.go:2026-04-15_16-23-05
2026-04-15_16-23-38,18,main.go:2026-04-15_16-23-05
2026-04-15_16-23-38,18,main.go:2026-04-15_16-23-05
2026-04-15_16-23-38,18,main.go:2026-04-15_16-23-05
2026-04-15_16-23-39,18,main.go:2026-04-15_16-23-05
2026-04-15_16-23-39,18,main.go:2026-04-15_16-23-05
2026-04-15_16-23-39,18,main.go:2026-04-15_16-23-05
2026-04-15_21-24-08,18,main.go:2026-04-15_16-23-05
2026-04-15_21-29-02,18,main.go:2026-04-15_16-23-05
2026-04-15_21-36-45,0,main.go:2026-04-15_21-36-45
2026-04-15_21-37-01,18,main.go:2026-04-15_21-37-01
2026-04-15_21-46-46,9,main.go:2026-04-15_21-46-46
2026-04-15_21-48-02,9,main.go:2026-04-15_21-48-02
2026-04-15_21-48-13,9,main.go:2026-04-15_21-48-13
2026-04-15_21-52-03,18,main.go:2026-04-15_21-52-03
2026-04-15_21-52-17,18,main.go:2026-04-15_21-52-17
2026-04-15_21-53-41,9,main.go:2026-04-15_21-53-41
2026-04-15_21-54-25,9,main.go:2026-04-15_21-54-25
2026-04-15_21-54-39,0,main.go:2026-04-15_21-54-39
2026-04-15_21-55-02,9,main.go:2026-04-15_21-55-02
2026-04-15_21-55-13,0,main.go:2026-04-15_21-55-13
2026-04-15_21-55-27,9,main.go:2026-04-15_21-55-27
2026-04-15_21-55-47,9,main.go:2026-04-15_21-55-47
2026-04-15_21-57-47,0,main.go:2026-04-15_21-57-47
2026-04-15_21-58-14,9,main.go:2026-04-15_21-58-14
2026-04-15_21-58-53,9,main.go:2026-04-15_21-58-53
2026-04-15_22-01-00,9,main.go:2026-04-15_22-01-00
2026-04-15_22-01-17,9,main.go:2026-04-15_22-01-17
2026-04-15_22-03-02,9,main.go:2026-04-15_22-03-02
2026-04-15_22-03-51,9,main.go:2026-04-15_22-03-51
2026-04-15_22-04-11,9,main.go:2026-04-15_22-04-11
2026-04-15_22-04-59,9,main.go:2026-04-15_22-04-59
2026-04-15_22-06-20,0,main.go:2026-04-15_22-06-20
2026-04-15_22-06-36,0,main.go:2026-04-15_22-06-36
2026-04-15_22-06-46,0,main.go:2026-04-15_22-06-46
2026-04-15_22-07-01,9,main.go:2026-04-15_22-07-01
2026-04-15_22-15-11,9,main.go:2026-04-15_22-15-11
2026-04-15_22-15-18,9,main.go:2026-04-15_22-15-18
2026-04-15_22-16-19,9,main.go:2026-04-15_22-16-19
2026-04-15_22-23-03,9,main.go:2026-04-15_22-23-03
2026-04-15_22-23-41,9,main.go:2026-04-15_22-23-41
2026-04-15_22-30-14,18,main.go:2026-04-15_22-30-14
2026-04-15_22-31-00,9,main.go:2026-04-15_22-31-00
2026-04-15_22-31-36,18,main.go:2026-04-15_22-31-36
2026-04-15_22-34-40,9,main.go:2026-04-15_22-34-40
2026-04-15_22-35-01,18,main.go:2026-04-15_22-35-01
2026-04-15_22-46-48,18,main.go:2026-04-15_22-46-48
2026-04-16_09-04-32,18,main.go:2026-04-15_22-46-48
2026-04-16_09-11-01,18,main.go:2026-04-16_09-11-01
2026-04-16_09-13-17,18,main.go:2026-04-16_09-11-01
2026-04-16_09-14-59,18,main.go:2026-04-16_09-14-59
2026-04-16_09-15-26,27,main.go:2026-04-16_09-15-26
2026-04-16_09-18-25,27,main.go:2026-04-16_09-15-26
2026-04-16_09-40-50,27,main.go:2026-04-16_09-40-50
2026-04-16_09-42-10,27,main.go:2026-04-16_09-42-10
2026-04-16_09-42-47,27,main.go:2026-04-16_09-42-47
2026-04-16_09-45-53,27,main.go:2026-04-16_09-45-53
2026-04-16_09-50-24,27,main.go:2026-04-16_09-50-24
2026-04-16_09-50-45,27,main.go:2026-04-16_09-50-45
2026-04-16_13-50-07,27,main.go:2026-04-16_13-50-07
2026-04-16_13-52-08,27,main.go:2026-04-16_13-52-08
2026-04-16_13-52-21,27,main.go:2026-04-16_13-52-21
2026-04-16_13-54-14,27,main.go:2026-04-16_13-54-14
2026-04-16_13-54-35,27,main.go:2026-04-16_13-54-14
2026-04-16_14-06-17,27,main.go:2026-04-16_14-06-17
2026-04-16_14-06-30,27,main.go:2026-04-16_14-06-30
2026-04-16_14-06-52,27,main.go:2026-04-16_14-06-52
2026-04-16_14-09-05,36,main.go:2026-04-16_14-09-05
2026-04-16_14-10-02,36,main.go:2026-04-16_14-09-05
2026-04-16_14-11-16,36,main.go:2026-04-16_14-09-05
2026-04-16_14-14-03,36,main.go:2026-04-16_14-14-03
2026-04-16_14-19-53,36,main.go:2026-04-16_14-19-53
2026-04-16_14-20-23,45,main.go:2026-04-16_14-20-23
2026-04-16_14-23-33,45,main.go:2026-04-16_14-23-33
2026-04-16_14-35-02,45,main.go:2026-04-16_14-35-02
2026-04-16_14-38-15,45,main.go:2026-04-16_14-38-15
2026-04-16_14-41-51,45,main.go:2026-04-16_14-38-15
2026-04-16_14-45-54,45,main.go:2026-04-16_14-45-54
2026-04-16_14-46-22,45,main.go:2026-04-16_14-46-22
2026-04-16_14-48-51,45,main.go:2026-04-16_14-48-51
2026-04-16_14-49-15,45,main.go:2026-04-16_14-49-15
2026-04-16_14-50-44,45,main.go:2026-04-16_14-50-44
2026-04-16_14-51-28,45,main.go:2026-04-16_14-50-44
2026-04-16_14-54-52,0,main.go:2026-04-16_14-54-52
2026-04-16_14-56-24,45,main.go:2026-04-16_14-56-24
2026-04-16_14-56-56,36,main.go:2026-04-16_14-56-56
2026-04-16_14-57-16,36,main.go:2026-04-16_14-57-16
2026-04-16_14-57-41,45,main.go:2026-04-16_14-57-41
2026-04-16_15-01-24,54,main.go:2026-04-16_15-01-24
2026-04-16_15-01-38,45,main.go:2026-04-16_15-01-38
2026-04-16_15-08-57,54,main.go:2026-04-16_15-08-57
2026-04-16_15-09-51,54,main.go:2026-04-16_15-09-51
2026-04-16_15-10-33,54,main.go:2026-04-16_15-09-51
2026-04-16_15-18-47,54,main.go:2026-04-16_15-09-51
2026-04-16_16-04-37,54,main.go:2026-04-16_15-09-51
2026-04-16_16-05-59,54,main.go:2026-04-16_15-09-51
2026-04-16_16-11-53,0,main.go:2026-04-16_16-11-53
2026-04-16_16-15-27,0,main.go:2026-04-16_16-15-27
2026-04-16_16-15-28,0,main.go:2026-04-16_16-15-27
2026-04-16_16-15-28,0,main.go:2026-04-16_16-15-27
2026-04-16_16-15-28,0,main.go:2026-04-16_16-15-27
2026-04-16_16-15-28,0,main.go:2026-04-16_16-15-27
2026-04-16_16-15-28,0,main.go:2026-04-16_16-15-27
2026-04-16_16-15-28,0,main.go:2026-04-16_16-15-27
2026-04-16_16-15-28,0,main.go:2026-04-16_16-15-27
2026-04-16_16-15-28,0,main.go:2026-04-16_16-15-27
2026-04-16_16-15-28,0,main.go:2026-04-16_16-15-27
2026-04-16_16-15-29,0,main.go:2026-04-16_16-15-27
2026-04-16_16-15-29,0,main.go:2026-04-16_16-15-27
2026-04-16_16-15-29,0,main.go:2026-04-16_16-15-27
2026-04-16_16-15-29,0,main.go:2026-04-16_16-15-27
2026-04-16_16-15-29,0,main.go:2026-04-16_16-15-27
2026-04-16_16-15-29,0,main.go:2026-04-16_16-15-27
2026-04-16_16-15-29,0,main.go:2026-04-16_16-15-27
2026-04-16_16-15-29,0,main.go:2026-04-16_16-15-27
2026-04-16_16-15-29,0,main.go:2026-04-16_16-15-27
2026-04-16_16-15-29,0,main.go:2026-04-16_16-15-27
2026-04-16_16-15-30,0,main.go:2026-04-16_16-15-27
2026-04-16_16-15-30,0,main.go:2026-04-16_16-15-27
2026-04-16_16-15-30,0,main.go:2026-04-16_16-15-27
2026-04-16_16-15-30,0,main.go:2026-04-16_16-15-27
2026-04-16_16-15-30,0,main.go:2026-04-16_16-15-27
2026-04-16_16-15-30,0,main.go:2026-04-16_16-15-27
2026-04-16_16-15-30,0,main.go:2026-04-16_16-15-27
2026-04-16_16-15-30,0,main.go:2026-04-16_16-15-27
2026-04-16_16-15-31,0,main.go:2026-04-16_16-15-27
2026-04-16_16-15-31,0,main.go:2026-04-16_16-15-27
2026-04-16_16-15-31,0,main.go:2026-04-16_16-15-27
2026-04-16_16-15-31,0,main.go:2026-04-16_16-15-27
2026-04-16_16-15-31,0,main.go:2026-04-16_16-15-27
2026-04-16_16-15-31,0,main.go:2026-04-16_16-15-27
2026-04-16_16-15-31,0,main.go:2026-04-16_16-15-27
2026-04-16_16-15-31,0,main.go:2026-04-16_16-15-27
2026-04-16_16-15-31,0,main.go:2026-04-16_16-15-27
2026-04-16_16-15-31,0,main.go:2026-04-16_16-15-27
2026-04-16_16-15-32,0,main.go:2026-04-16_16-15-27
2026-04-16_16-15-32,0,main.go:2026-04-16_16-15-27
2026-04-16_16-15-32,0,main.go:2026-04-16_16-15-27
2026-04-16_16-15-32,0,main.go:2026-04-16_16-15-27
2026-04-16_16-15-32,0,main.go:2026-04-16_16-15-27
2026-04-16_16-15-32,0,main.go:2026-04-16_16-15-27
2026-04-16_16-15-32,0,main.go:2026-04-16_16-15-27
2026-04-16_16-15-32,0,main.go:2026-04-16_16-15-27
2026-04-16_16-15-32,0,main.go:2026-04-16_16-15-27
2026-04-16_16-15-32,0,main.go:2026-04-16_16-15-27
2026-04-16_16-15-33,0,main.go:2026-04-16_16-15-27
2026-04-16_16-15-33,0,main.go:2026-04-16_16-15-27
2026-04-16_16-15-33,0,main.go:2026-04-16_16-15-27
2026-04-16_16-15-33,0,main.go:2026-04-16_16-15-27
2026-04-16_16-15-33,0,main.go:2026-04-16_16-15-27
2026-04-16_16-15-33,0,main.go:2026-04-16_16-15-27
2026-04-16_16-15-33,0,main.go:2026-04-16_16-15-27
2026-04-16_16-15-33,0,main.go:2026-04-16_16-15-27
2026-04-16_16-15-35,0,main.go:2026-04-16_16-15-27
2026-04-16_16-16-01,0,main.go:2026-04-16_16-16-01
2026-04-16_16-16-04,0,main.go:2026-04-16_16-16-01
2026-04-16_16-16-04,0,main.go:2026-04-16_16-16-01
2026-04-16_16-16-31,54,main.go:2026-04-16_16-16-31
2026-04-16_16-20-32,0,main.go:2026-04-16_16-20-32
2026-04-16_16-22-09,0,main.go:2026-04-16_16-22-09
2026-04-16_16-22-41,0,main.go:2026-04-16_16-22-41
2026-04-16_16-24-38,54,main.go:2026-04-16_16-24-38
2026-04-16_16-28-21,54,main.go:2026-04-16_16-28-21
2026-04-16_16-29-32,54,main.go:2026-04-16_16-29-32
2026-04-16_16-31-32,54,main.go:2026-04-16_16-31-32
2026-04-16_16-32-48,0,main.go:2026-04-16_16-32-48
2026-04-16_16-33-21,63,main.go:2026-04-16_16-33-21
2026-04-16_16-35-05,63,main.go:2026-04-16_16-33-21
2026-04-16_16-36-04,63,main.go:2026-04-16_16-36-04
2026-04-16_16-36-13,63,main.go:2026-04-16_16-36-13
2026-04-17_10-26-02,63,main.go:2026-04-16_16-36-13
2026-04-17_10-26-08,63,main.go:2026-04-16_16-36-13
2026-04-17_10-37-49,63,main.go:2026-04-17_10-37-49
2026-04-17_10-38-21,63,main.go:2026-04-17_10-38-21
2026-04-17_10-38-41,63,main.go:2026-04-17_10-38-41
2026-04-17_10-39-34,63,main.go:2026-04-17_10-39-34
2026-04-17_10-39-53,63,main.go:2026-04-17_10-39-53
2026-04-17_10-40-30,72,main.go:2026-04-17_10-40-30
2026-04-17_10-42-59,63,main.go:2026-04-17_10-42-59
2026-04-17_10-43-18,63,main.go:2026-04-17_10-43-18
2026-04-17_10-43-39,72,main.go:2026-04-17_10-43-39
2026-04-17_10-45-10,72,main.go:2026-04-17_10-43-39
2026-04-17_10-45-46,63,main.go:2026-04-17_10-45-46
2026-04-17_10-46-58,72,main.go:2026-04-17_10-46-58
2026-04-17_10-48-01,81,main.go:2026-04-17_10-48-01
2026-04-17_10-58-21,81,main.go:2026-04-17_10-58-21
2026-04-17_11-01-58,81,main.go:2026-04-17_11-01-58
2026-04-17_11-05-53,81,main.go:2026-04-17_11-05-53
2026-04-17_11-06-04,72,main.go:2026-04-17_11-06-04
2026-04-17_11-06-22,72,main.go:2026-04-17_11-06-22
2026-04-17_11-06-51,72,main.go:2026-04-17_11-06-51
2026-04-17_11-07-04,72,main.go:2026-04-17_11-07-04
2026-04-17_11-08-44,90,main.go:2026-04-17_11-08-44
2026-04-17_14-19-30,90,main.go:2026-04-17_11-08-44
2026-04-17_14-19-39,90,main.go:2026-04-17_11-08-44
2026-04-18_18-16-02,0,main.go:2026-04-18_18-16-02
2026-04-18_18-16-26,0,main.go:2026-04-18_18-16-26
2026-04-18_18-16-47,0,main.go:2026-04-18_18-16-47
2026-04-18_18-17-58,0,main.go:2026-04-18_18-17-58
2026-04-18_18-18-26,0,main.go:2026-04-18_18-18-26
2026-04-18_18-18-33,18,main.go:2026-04-18_18-18-33
2026-04-18_18-18-59,18,main.go:2026-04-18_18-18-59
2026-04-18_18-21-15,9,main.go:2026-04-18_18-21-15
2026-04-18_18-22-15,18,main.go:2026-04-18_18-22-15
2026-04-18_18-24-29,9,main.go:2026-04-18_18-24-29
2026-04-18_18-25-56,9,main.go:2026-04-18_18-25-56
2026-04-18_18-26-13,18,main.go:2026-04-18_18-26-13
2026-04-18_18-26-48,18,main.go:2026-04-18_18-26-48
2026-04-18_18-27-27,18,main.go:2026-04-18_18-27-27
2026-04-18_18-29-02,18,main.go:2026-04-18_18-29-02
2026-04-18_18-29-33,9,main.go:2026-04-18_18-29-33
2026-04-18_18-29-50,9,main.go:2026-04-18_18-29-50
2026-04-18_18-29-58,18,main.go:2026-04-18_18-29-58
2026-04-18_18-30-35,18,main.go:2026-04-18_18-30-35
2026-04-18_18-30-47,9,main.go:2026-04-18_18-30-47
2026-04-18_18-30-57,18,main.go:2026-04-18_18-30-57
2026-04-18_18-31-30,9,main.go:2026-04-18_18-31-30
2026-04-18_18-31-37,9,main.go:2026-04-18_18-31-37
2026-04-18_18-32-07,9,main.go:2026-04-18_18-32-07
2026-04-18_18-32-17,9,main.go:2026-04-18_18-32-17
2026-04-18_18-32-35,9,main.go:2026-04-18_18-32-35
2026-04-18_18-32-47,18,main.go:2026-04-18_18-32-47
2026-04-18_18-33-12,18,main.go:2026-04-18_18-33-12
2026-04-18_18-33-32,18,main.go:2026-04-18_18-33-32
2026-04-18_18-33-47,18,main.go:2026-04-18_18-33-47
2026-04-18_18-34-03,18,main.go:2026-04-18_18-34-03
2026-04-18_18-34-12,18,main.go:2026-04-18_18-34-12
2026-04-18_18-34-42,9,main.go:2026-04-18_18-34-42
2026-04-18_18-34-56,9,main.go:2026-04-18_18-34-56
2026-04-18_18-35-21,18,main.go:2026-04-18_18-35-21
2026-04-18_18-35-32,18,main.go:2026-04-18_18-35-32
2026-04-18_18-35-41,18,main.go:2026-04-18_18-35-41
2026-04-18_18-35-55,9,main.go:2026-04-18_18-35-55
2026-04-18_18-36-34,18,main.go:2026-04-18_18-36-34
2026-04-18_18-37-00,18,main.go:2026-04-18_18-37-00
2026-04-18_18-37-19,18,main.go:2026-04-18_18-37-19
2026-04-18_18-37-34,9,main.go:2026-04-18_18-37-34
2026-04-18_18-37-46,18,main.go:2026-04-18_18-37-46
2026-04-18_18-37-58,18,main.go:2026-04-18_18-37-58
2026-04-18_18-38-06,18,main.go:2026-04-18_18-38-06
2026-04-18_18-38-15,18,main.go:2026-04-18_18-38-15
2026-04-18_18-38-23,9,main.go:2026-04-18_18-38-23
2026-04-18_18-40-25,18,main.go:2026-04-18_18-40-25
2026-04-18_18-40-48,18,main.go:2026-04-18_18-40-48
2026-04-18_18-41-35,18,main.go:2026-04-18_18-41-35
2026-04-18_18-43-13,36,main.go:2026-04-18_18-43-13
2026-04-18_19-00-29,36,main.go:2026-04-18_19-00-29
2026-04-18_19-00-49,36,main.go:2026-04-18_19-00-49
2026-04-18_19-19-22,36,main.go:2026-04-18_19-19-22
2026-04-18_19-19-36,36,main.go:2026-04-18_19-19-36
2026-04-18_19-26-39,45,main.go:2026-04-18_19-26-39
2026-04-18_19-32-32,54,main.go:2026-04-18_19-32-32
2026-04-18_19-43-29,54,main.go:2026-04-18_19-43-29
2026-04-18_19-44-13,63,main.go:2026-04-18_19-44-13
2026-04-18_19-49-00,72,main.go:2026-04-18_19-49-00
2026-04-18_19-55-49,72,main.go:2026-04-18_19-55-49
2026-04-18_19-56-17,72,main.go:2026-04-18_19-56-17
2026-04-18_19-56-47,81,main.go:2026-04-18_19-56-47
2026-04-18_19-57-42,90,main.go:2026-04-18_19-57-42
2026-04-18_19-59-42,90,main.go:2026-04-18_19-59-42
2026-04-18_20-00-07,9,main.go:2026-04-18_20-00-07
2026-04-18_20-00-15,90,main.go:2026-04-18_20-00-15
2026-04-18_20-20-00,90,main.go:2026-04-18_20-20-00
2026-04-18_20-20-36,90,main.go:2026-04-18_20-20-36
2026-04-18_20-41-15,90,main.go:2026-04-18_20-41-15
2026-04-18_20-41-50,0,main.go:2026-04-18_20-41-50
2026-04-18_20-42-04,90,main.go:2026-04-18_20-42-04
2026-04-18_20-42-30,90,main.go:2026-04-18_20-42-30
2026-04-18_21-01-18,100,main.go:2026-04-18_21-01-18
2026-04-18_21-06-05,100,main.go:2026-04-18_21-06-05
2026-04-18_21-16-18,90,main.go:2026-04-18_21-16-18
2026-04-18_21-16-27,100,main.go:2026-04-18_21-16-27
2026-04-18_21-18-07,100,main.go:2026-04-18_21-16-27
2026-04-18_21-19-59,100,main.go:2026-04-18_21-16-27
2026-04-18_21-20-37,100,main.go:2026-04-18_21-16-27
2026-04-23_15-21-24,100,main.go:2026-04-18_21-16-27
2026-04-23_15-23-56,100,main.go:2026-04-18_21-16-27
