2026-03-21_23-19-51,0,shell.go:2026-03-21_23-19-51
2026-03-21_23-21-42,0,shell.go:2026-03-21_23-19-51
2026-03-24_14-47-02,0,shell.go:2026-03-21_23-19-51
2026-03-24_14-55-29,14,shell.go:2026-03-24_14-55-29
2026-03-24_14-58-14,0,shell.go:2026-03-24_14-58-14
2026-03-24_14-58-20,0,shell.go:2026-03-24_14-58-20
2026-03-24_14-58-30,0,shell.go:2026-03-24_14-58-30
2026-03-24_14-58-55,14,shell.go:2026-03-24_14-58-55
2026-03-24_15-03-04,14,shell.go:2026-03-24_15-03-04
2026-03-24_15-03-24,14,shell.go:2026-03-24_15-03-24
2026-03-26_08-21-14,14,shell.go:2026-03-24_15-03-24
2026-03-26_08-21-49,14,shell.go:2026-03-26_08-21-49
2026-03-26_08-22-57,14,shell.go:2026-03-26_08-21-49
2026-03-26_08-29-42,14,shell.go:2026-03-26_08-29-42
2026-03-26_08-30-32,14,shell.go:2026-03-26_08-30-32
2026-03-26_08-30-54,28,shell.go:2026-03-26_08-30-54
2026-03-26_08-34-50,28,shell.go:2026-03-26_08-34-50
2026-03-26_08-36-33,42,shell.go:2026-03-26_08-36-33
2026-03-26_08-48-35,42,shell.go:2026-03-26_08-48-35
2026-03-26_08-52-36,42,shell.go:2026-03-26_08-52-36
2026-03-26_08-59-19,42,shell.go:2026-03-26_08-59-19
2026-03-26_09-00-06,57,shell.go:2026-03-26_09-00-06
2026-03-26_09-01-30,71,shell.go:2026-03-26_09-01-30
2026-03-26_09-09-27,71,shell.go:2026-03-26_09-09-27
2026-03-26_09-11-09,85,shell.go:2026-03-26_09-11-09
2026-03-26_09-11-34,85,shell.go:2026-03-26_09-11-09
2026-03-26_09-21-51,0,shell.go:2026-03-26_09-21-51
2026-03-26_09-22-04,0,shell.go:2026-03-26_09-22-04
2026-03-26_09-24-08,0,shell.go:2026-03-26_09-24-08
2026-03-26_09-26-09,71,shell.go:2026-03-26_09-26-09
2026-03-26_09-26-32,71,shell.go:2026-03-26_09-26-32
2026-03-26_09-26-57,71,shell.go:2026-03-26_09-26-57
2026-03-26_09-27-15,71,shell.go:2026-03-26_09-26-57
2026-03-26_09-27-25,71,shell.go:2026-03-26_09-26-57
2026-03-26_09-27-50,71,shell.go:2026-03-26_09-26-57
2026-03-26_09-28-10,71,shell.go:2026-03-26_09-26-57
2026-03-26_09-28-36,71,shell.go:2026-03-26_09-28-36
2026-03-26_09-30-29,71,shell.go:2026-03-26_09-30-29
2026-03-26_09-30-57,85,shell.go:2026-03-26_09-30-57
2026-03-26_09-32-56,100,shell.go:2026-03-26_09-32-56
