2026-03-12_09-21-04,0,draft.go:2026-03-12_09-21-04
2026-03-12_09-21-21,0,draft.go:2026-03-12_09-21-04
2026-03-12_09-21-21,0,draft.go:2026-03-12_09-21-04
2026-03-12_09-21-22,0,draft.go:2026-03-12_09-21-04
2026-03-12_13-36-59,0,draft.go:2026-03-12_13-36-59
2026-03-12_13-37-28,0,draft.go:2026-03-12_13-37-28
2026-03-12_13-37-28,0,draft.go:2026-03-12_13-37-28
2026-03-12_13-37-28,0,draft.go:2026-03-12_13-37-28
2026-03-12_13-37-28,0,draft.go:2026-03-12_13-37-28
2026-03-12_13-37-29,0,draft.go:2026-03-12_13-37-29
2026-03-12_13-38-14,0,draft.go:2026-03-12_13-38-14
2026-03-12_13-38-15,0,draft.go:2026-03-12_13-38-14
2026-03-12_13-38-15,0,draft.go:2026-03-12_13-38-14
2026-03-12_13-39-49,0,draft.go:2026-03-12_13-39-49
2026-03-12_13-39-50,0,draft.go:2026-03-12_13-39-49
2026-03-12_13-39-50,0,draft.go:2026-03-12_13-39-49
2026-03-12_13-39-50,0,draft.go:2026-03-12_13-39-49
2026-03-12_13-39-50,0,draft.go:2026-03-12_13-39-49
2026-03-12_13-39-51,0,draft.go:2026-03-12_13-39-49
2026-03-12_13-39-51,0,draft.go:2026-03-12_13-39-49
2026-03-12_13-42-55,30,draft.go:2026-03-12_13-42-55
2026-03-12_13-43-42,10,draft.go:2026-03-12_13-43-42
2026-03-12_13-43-44,10,draft.go:2026-03-12_13-43-42
2026-03-12_13-43-46,10,draft.go:2026-03-12_13-43-42
2026-03-12_13-43-48,10,draft.go:2026-03-12_13-43-42
2026-03-12_13-43-51,10,draft.go:2026-03-12_13-43-42
2026-03-12_13-43-53,10,draft.go:2026-03-12_13-43-42
2026-03-12_13-43-55,10,draft.go:2026-03-12_13-43-42
2026-03-12_13-44-02,10,draft.go:2026-03-12_13-43-42
2026-03-12_13-44-33,0,draft.go:2026-03-12_13-44-33
2026-03-12_13-44-35,0,draft.go:2026-03-12_13-44-33
2026-03-12_13-44-45,60,draft.go:2026-03-12_13-44-45
2026-03-12_13-44-46,60,draft.go:2026-03-12_13-44-45
2026-03-12_13-45-46,80,draft.go:2026-03-12_13-45-46
2026-03-12_13-45-47,80,draft.go:2026-03-12_13-45-46
2026-03-12_13-47-13,80,draft.go:2026-03-12_13-45-46
2026-03-12_13-47-53,80,draft.go:2026-03-12_13-45-46
2026-03-12_13-49-28,80,draft.go:2026-03-12_13-49-28
2026-03-12_13-49-28,80,draft.go:2026-03-12_13-49-28
2026-03-12_13-50-39,80,draft.go:2026-03-12_13-50-39
2026-03-12_13-50-40,80,draft.go:2026-03-12_13-50-39
2026-03-12_13-50-59,---,draft.go:2026-03-12_13-50-39
2026-03-12_13-52-38,20,draft.go:2026-03-12_13-52-38
2026-03-12_13-52-40,20,draft.go:2026-03-12_13-52-38
2026-03-12_13-52-54,80,draft.go:2026-03-12_13-52-54
2026-03-12_13-53-36,80,draft.go:2026-03-12_13-53-36
2026-03-12_13-53-37,80,draft.go:2026-03-12_13-53-36
2026-03-12_13-54-35,0,draft.go:2026-03-12_13-54-35
2026-03-12_13-54-36,0,draft.go:2026-03-12_13-54-35
2026-03-12_13-55-24,100,draft.go:2026-03-12_13-55-24
2026-03-12_13-56-17,100,draft.go:2026-03-12_13-55-24
2026-03-12_13-56-17,100,draft.go:2026-03-12_13-55-24
2026-03-17_10-44-19,100,draft.go:2026-03-12_13-55-24
