2026-03-11_11-21-10,0,draft.go:2026-03-11_11-21-10
2026-03-11_11-21-31,---,draft.go:2026-03-11_11-21-10
2026-03-11_11-23-17,---,draft.go:2026-03-11_11-23-17
2026-03-11_11-23-56,0,draft.go:2026-03-11_11-23-17
2026-03-11_11-24-18,0,draft.go:2026-03-11_11-24-18
2026-03-11_11-24-28,---,draft.go:2026-03-11_11-24-18
2026-03-11_11-25-13,0,draft.go:2026-03-11_11-24-18
2026-03-11_11-25-13,0,draft.go:2026-03-11_11-24-18
2026-03-11_11-25-14,0,draft.go:2026-03-11_11-24-18
2026-03-11_11-25-14,0,draft.go:2026-03-11_11-24-18
2026-03-11_11-25-14,0,draft.go:2026-03-11_11-24-18
2026-03-11_11-25-15,0,draft.go:2026-03-11_11-24-18
2026-03-11_11-25-47,0,draft.go:2026-03-11_11-25-47
2026-03-11_11-25-48,0,draft.go:2026-03-11_11-25-47
2026-03-11_11-25-49,0,draft.go:2026-03-11_11-25-47
2026-03-11_11-25-52,0,draft.go:2026-03-11_11-25-47
2026-03-11_11-25-53,0,draft.go:2026-03-11_11-25-47
2026-03-11_11-25-54,---,draft.go:2026-03-11_11-25-47
2026-03-11_11-26-01,0,draft.go:2026-03-11_11-25-47
2026-03-11_11-26-02,0,draft.go:2026-03-11_11-25-47
2026-03-11_11-26-02,0,draft.go:2026-03-11_11-25-47
2026-03-11_11-26-02,0,draft.go:2026-03-11_11-25-47
2026-03-11_11-26-03,0,draft.go:2026-03-11_11-25-47
2026-03-11_11-26-03,0,draft.go:2026-03-11_11-25-47
2026-03-11_11-26-03,0,draft.go:2026-03-11_11-25-47
2026-03-11_11-26-04,0,draft.go:2026-03-11_11-25-47
2026-03-11_11-26-04,0,draft.go:2026-03-11_11-25-47
2026-03-11_11-26-05,0,draft.go:2026-03-11_11-25-47
2026-03-11_11-26-05,0,draft.go:2026-03-11_11-25-47
2026-03-11_11-26-32,0,draft.go:2026-03-11_11-25-47
2026-03-11_11-26-33,0,draft.go:2026-03-11_11-25-47
2026-03-11_11-26-33,0,draft.go:2026-03-11_11-25-47
2026-03-11_11-26-33,0,draft.go:2026-03-11_11-25-47
2026-03-11_11-26-34,0,draft.go:2026-03-11_11-25-47
2026-03-11_11-26-34,0,draft.go:2026-03-11_11-25-47
2026-03-11_11-26-38,0,draft.go:2026-03-11_11-25-47
2026-03-11_11-26-38,0,draft.go:2026-03-11_11-25-47
2026-03-11_11-26-38,0,draft.go:2026-03-11_11-25-47
2026-03-11_11-26-39,0,draft.go:2026-03-11_11-25-47
2026-03-11_11-26-39,0,draft.go:2026-03-11_11-25-47
2026-03-11_11-26-39,0,draft.go:2026-03-11_11-25-47
2026-03-11_11-26-39,0,draft.go:2026-03-11_11-25-47
2026-03-11_11-26-40,0,draft.go:2026-03-11_11-25-47
2026-03-11_11-26-40,0,draft.go:2026-03-11_11-25-47
2026-03-11_11-26-40,0,draft.go:2026-03-11_11-25-47
2026-03-11_11-26-40,0,draft.go:2026-03-11_11-25-47
2026-03-11_11-26-41,0,draft.go:2026-03-11_11-25-47
2026-03-11_11-26-41,0,draft.go:2026-03-11_11-25-47
2026-03-11_11-26-41,0,draft.go:2026-03-11_11-25-47
2026-03-11_11-26-41,0,draft.go:2026-03-11_11-25-47
2026-03-11_11-26-53,---,draft.go:2026-03-11_11-25-47
2026-03-11_11-27-01,0,draft.go:2026-03-11_11-25-47
2026-03-11_11-27-02,0,draft.go:2026-03-11_11-25-47
2026-03-11_11-27-02,0,draft.go:2026-03-11_11-25-47
2026-03-11_11-28-22,0,draft.go:2026-03-11_11-28-22
2026-03-11_11-28-24,0,draft.go:2026-03-11_11-28-22
2026-03-11_11-28-24,0,draft.go:2026-03-11_11-28-22
2026-03-11_11-28-24,0,draft.go:2026-03-11_11-28-22
2026-03-11_11-28-24,0,draft.go:2026-03-11_11-28-22
2026-03-11_11-28-48,0,draft.go:2026-03-11_11-28-22
2026-03-11_11-28-48,0,draft.go:2026-03-11_11-28-22
2026-03-11_11-28-49,0,draft.go:2026-03-11_11-28-22
2026-03-11_11-29-07,0,draft.go:2026-03-11_11-29-07
2026-03-11_11-29-08,0,draft.go:2026-03-11_11-29-07
2026-03-11_11-29-08,0,draft.go:2026-03-11_11-29-07
2026-03-11_11-29-41,0,draft.go:2026-03-11_11-29-41
2026-03-11_11-29-45,0,draft.go:2026-03-11_11-29-41
2026-03-11_11-29-46,0,draft.go:2026-03-11_11-29-41
2026-03-11_11-29-59,100,draft.go:2026-03-11_11-29-59
2026-03-11_11-32-43,100,draft.go:2026-03-11_11-29-59
2026-03-14_12-56-34,100,draft.go:2026-03-11_11-29-59
