2026-04-28_23-34-33,0,main.go:2026-04-28_23-34-33
2026-04-29_00-16-32,0,main.go:2026-04-29_00-16-32
2026-04-29_00-31-32,0,main.go:2026-04-29_00-31-32
2026-04-29_00-32-16,14,main.go:2026-04-29_00-32-16
2026-04-29_00-32-47,14,main.go:2026-04-29_00-32-47
2026-04-29_00-33-20,14,main.go:2026-04-29_00-33-20
2026-04-29_00-35-48,14,main.go:2026-04-29_00-35-48
2026-04-29_00-36-37,14,main.go:2026-04-29_00-36-37
2026-04-29_00-37-23,14,main.go:2026-04-29_00-37-23
2026-04-29_00-38-13,14,main.go:2026-04-29_00-38-13
2026-04-29_00-38-27,14,main.go:2026-04-29_00-38-27
2026-04-29_00-38-54,14,main.go:2026-04-29_00-38-54
2026-04-29_00-39-06,14,main.go:2026-04-29_00-39-06
2026-04-29_00-42-27,71,main.go:2026-04-29_00-42-27
2026-04-29_00-49-35,85,main.go:2026-04-29_00-49-35
2026-04-29_00-51-00,85,main.go:2026-04-29_00-51-00
2026-04-29_00-51-27,42,main.go:2026-04-29_00-51-27
2026-04-29_00-52-26,100,main.go:2026-04-29_00-52-26
2026-04-29_00-55-14,0,main.go:2026-04-29_00-55-14
2026-04-29_11-25-56,14,main.go:2026-04-29_11-25-56
2026-04-29_14-13-18,14,main.go:2026-04-29_14-13-18
2026-04-29_14-32-31,0,main.go:2026-04-29_14-32-31
2026-04-29_14-36-44,0,main.go:2026-04-29_14-36-44
2026-04-29_14-38-07,0,main.go:2026-04-29_14-38-07
2026-04-29_14-43-39,0,main.go:2026-04-29_14-43-39
2026-04-29_14-44-19,0,main.go:2026-04-29_14-44-19
2026-04-29_14-45-06,0,main.go:2026-04-29_14-45-06
2026-04-29_14-46-25,0,main.go:2026-04-29_14-46-25
2026-04-29_14-46-37,14,main.go:2026-04-29_14-46-37
2026-04-29_15-12-30,42,main.go:2026-04-29_15-12-30
2026-04-29_15-14-37,42,main.go:2026-04-29_15-14-37
2026-04-29_15-14-59,42,main.go:2026-04-29_15-14-59
2026-04-29_15-15-13,42,main.go:2026-04-29_15-15-13
2026-04-29_15-17-40,42,main.go:2026-04-29_15-17-40
2026-04-29_15-17-54,28,main.go:2026-04-29_15-17-54
2026-04-29_15-18-10,42,main.go:2026-04-29_15-18-10
2026-04-29_15-19-43,42,main.go:2026-04-29_15-18-10
2026-04-29_15-21-03,57,main.go:2026-04-29_15-21-03
2026-04-29_15-22-07,71,main.go:2026-04-29_15-22-07
2026-04-29_15-23-36,71,main.go:2026-04-29_15-23-36
2026-04-29_15-24-07,85,main.go:2026-04-29_15-24-07
2026-04-29_15-25-53,100,main.go:2026-04-29_15-25-53
2026-05-01_21-08-42,14,main.go:2026-05-01_21-08-42
2026-05-01_21-18-54,14,main.go:2026-05-01_21-18-54
2026-05-01_21-19-20,14,main.go:2026-05-01_21-19-20
2026-05-01_21-20-06,14,main.go:2026-05-01_21-20-06
2026-05-01_21-20-56,14,main.go:2026-05-01_21-20-56
2026-05-01_21-21-37,14,main.go:2026-05-01_21-21-37
2026-05-01_21-21-54,14,main.go:2026-05-01_21-21-54
2026-05-01_21-22-49,14,main.go:2026-05-01_21-22-49
2026-05-01_21-23-18,14,main.go:2026-05-01_21-23-18
2026-05-01_21-23-29,14,main.go:2026-05-01_21-23-29
2026-05-01_21-23-46,28,main.go:2026-05-01_21-23-46
2026-05-01_21-24-58,14,main.go:2026-05-01_21-24-58
2026-05-01_21-25-46,28,main.go:2026-05-01_21-25-46
2026-05-01_21-28-48,0,main.go:2026-05-01_21-28-48
2026-05-01_21-28-51,42,main.go:2026-05-01_21-28-51
2026-05-01_22-07-04,42,main.go:2026-05-01_22-07-04
2026-05-01_22-08-00,42,main.go:2026-05-01_22-08-00
2026-05-01_22-08-11,42,main.go:2026-05-01_22-08-11
2026-05-01_22-08-33,42,main.go:2026-05-01_22-08-11
2026-05-01_22-12-34,57,main.go:2026-05-01_22-12-34
2026-05-01_22-49-52,0,main.go:2026-05-01_22-49-52
2026-05-01_22-49-59,0,main.go:2026-05-01_22-49-59
2026-05-01_22-50-08,14,main.go:2026-05-01_22-50-08
2026-05-01_22-50-17,14,main.go:2026-05-01_22-50-17
2026-05-01_22-51-01,42,main.go:2026-05-01_22-51-01
2026-05-01_22-56-15,42,main.go:2026-05-01_22-56-15
2026-05-01_22-57-04,57,main.go:2026-05-01_22-57-04
2026-05-01_23-02-18,71,main.go:2026-05-01_23-02-18
2026-05-01_23-02-45,28,main.go:2026-05-01_23-02-45
2026-05-01_23-03-08,71,main.go:2026-05-01_23-03-08
2026-05-01_23-10-51,85,main.go:2026-05-01_23-10-51
2026-05-01_23-12-57,85,main.go:2026-05-01_23-12-57
2026-05-01_23-18-42,85,main.go:2026-05-01_23-18-42
2026-05-01_23-18-55,28,main.go:2026-05-01_23-18-55
2026-05-01_23-20-15,100,main.go:2026-05-01_23-20-15
2026-05-01_23-25-05,85,main.go:2026-05-01_23-25-05
2026-05-01_23-25-19,85,main.go:2026-05-01_23-25-19
2026-05-01_23-25-50,85,main.go:2026-05-01_23-25-50
2026-05-01_23-26-57,100,main.go:2026-05-01_23-26-57
2026-05-01_23-27-56,100,main.go:2026-05-01_23-26-57
2026-05-01_23-30-58,100,main.go:2026-05-01_23-26-57
2026-05-02_01-13-03,100,main.go:2026-05-01_23-26-57
2026-05-02_01-15-51,100,main.go:2026-05-01_23-26-57
2026-05-02_09-45-06,100,main.go:2026-05-01_23-26-57
2026-05-02_10-24-23,0,main.go:2026-05-02_10-24-23
2026-05-02_10-24-50,0,main.go:2026-05-02_10-24-50
2026-05-02_10-28-10,0,main.go:2026-05-02_10-28-10
2026-05-02_10-29-59,71,main.go:2026-05-02_10-29-59
2026-05-02_10-34-22,85,main.go:2026-05-02_10-34-22
2026-05-02_10-34-30,100,main.go:2026-05-02_10-34-30
2026-05-02_11-17-16,100,main.go:2026-05-02_10-34-30
2026-05-02_11-17-16,100,main.go:2026-05-02_10-34-30
2026-05-02_11-17-17,100,main.go:2026-05-02_10-34-30
2026-05-02_11-17-17,100,main.go:2026-05-02_10-34-30
2026-05-02_11-17-17,100,main.go:2026-05-02_10-34-30
2026-05-02_11-17-18,100,main.go:2026-05-02_10-34-30
2026-05-02_11-17-18,100,main.go:2026-05-02_10-34-30
2026-05-02_11-17-19,100,main.go:2026-05-02_10-34-30
2026-05-02_11-17-19,100,main.go:2026-05-02_10-34-30
2026-05-02_11-17-19,100,main.go:2026-05-02_10-34-30
2026-05-02_11-17-20,100,main.go:2026-05-02_10-34-30
2026-05-02_11-17-20,100,main.go:2026-05-02_10-34-30
2026-05-02_11-17-20,100,main.go:2026-05-02_10-34-30
2026-05-02_11-17-21,100,main.go:2026-05-02_10-34-30
2026-05-02_11-17-21,100,main.go:2026-05-02_10-34-30
2026-05-02_11-17-22,100,main.go:2026-05-02_10-34-30
2026-05-02_11-17-22,100,main.go:2026-05-02_10-34-30
2026-05-02_11-17-22,100,main.go:2026-05-02_10-34-30
2026-05-02_11-17-23,100,main.go:2026-05-02_10-34-30
2026-05-02_11-17-23,100,main.go:2026-05-02_10-34-30
2026-05-02_11-17-23,100,main.go:2026-05-02_10-34-30
2026-05-02_11-17-24,100,main.go:2026-05-02_10-34-30
2026-05-02_11-17-24,100,main.go:2026-05-02_10-34-30
2026-05-02_11-17-25,100,main.go:2026-05-02_10-34-30
2026-05-02_11-17-25,100,main.go:2026-05-02_10-34-30
2026-05-02_11-17-25,100,main.go:2026-05-02_10-34-30
2026-05-02_11-17-26,100,main.go:2026-05-02_10-34-30
2026-05-02_11-17-26,100,main.go:2026-05-02_10-34-30
2026-05-02_11-17-26,100,main.go:2026-05-02_10-34-30
2026-05-02_11-17-27,100,main.go:2026-05-02_10-34-30
2026-05-02_11-17-27,100,main.go:2026-05-02_10-34-30
2026-05-02_11-17-28,100,main.go:2026-05-02_10-34-30
2026-05-02_11-17-28,100,main.go:2026-05-02_10-34-30
2026-05-02_11-17-28,100,main.go:2026-05-02_10-34-30
2026-05-02_11-17-29,100,main.go:2026-05-02_10-34-30
2026-05-02_13-18-14,100,main.go:2026-05-02_10-34-30
2026-05-02_14-58-55,100,main.go:2026-05-02_14-58-55
